"XGB","SVM","RF","label"
0.289189100265503,0.127163106337318,0.468,"Drowsy"
0.690561980009079,0.311134660050336,0.37,"Drowsy"
0.293630480766296,0.156520408894265,0.436,"Drowsy"
0.989878721535206,0.999750197172013,0.5,"Natural"
0.999773613977595,0.999887406905253,0.526,"Natural"
0.999806838211953,0.999821725603489,0.468,"Natural"
0.971391703933477,0.986921099966806,0.474,"Natural"
0.968957114964724,0.986864929788949,0.486,"Natural"
0.359716773033142,0.0193002669372455,0.45,"Drowsy"
0.98075108602643,0.999950271327608,0.536,"Natural"
0.973927240818739,0.999043866285523,0.504,"Natural"
0.994105839170516,0.996594826696984,0.628,"Natural"
0.0898408889770508,0.0430879182298609,0.452,"Drowsy"
0.996265209745616,0.994494079200425,0.634,"Natural"
0.999169220682234,0.999879908361526,0.55,"Natural"
0.845592871308327,0.994916418045681,0.47,"Natural"
0.376166939735413,0.315188949106319,0.41,"Drowsy"
0.0077284574508667,0.0934055801909802,0.418,"Drowsy"
0.113000214099884,0.714911264324171,0.438,"Drowsy"
0.998941894271411,0.995902925022841,0.576,"Natural"
0.0524385571479797,0.0308582820035731,0.454,"Drowsy"
0.0156996846199036,0.0276194897752773,0.378,"Drowsy"
0.975519269704819,0.993581865556596,0.58,"Natural"
0.670767158269882,0.251432737220637,0.38,"Drowsy"
0.975445941090584,0.98889429196922,0.584,"Natural"
0.995419285260141,0.990343718716188,0.73,"Natural"
0.12766820192337,0.0675296346269629,0.458,"Drowsy"
0.995150781236589,0.984938619469925,0.654,"Natural"
0.217779934406281,0.95857790662787,0.514,"Drowsy"
0.38227105140686,0.308690113537981,0.434,"Drowsy"
0.97048150934279,0.994581168291964,0.62,"Natural"
0.984955688007176,0.997397490813802,0.562,"Natural"
0.0586285591125488,0.174192171363896,0.454,"Drowsy"
0.0227110981941223,0.171095881915175,0.4,"Drowsy"
0.623439401388168,0.981757398120058,0.524,"Drowsy"
0.979105416685343,0.992255632054035,0.642,"Natural"
0.999816182476934,0.999914928701041,0.512,"Natural"
0.00923359394073486,0.0770370107913371,0.564,"Drowsy"
0.00563019514083862,0.477504619881491,0.498,"Drowsy"
0.222673892974854,0.20960707348749,0.534,"Drowsy"
0.538361340761185,0.190277732779457,0.504,"Drowsy"
0.99817615468055,0.994515963083394,0.566,"Natural"
0.077160120010376,0.810360833949214,0.44,"Drowsy"
0.996622376609594,0.999811386525593,0.55,"Natural"
0.247186183929443,0.150717704909621,0.43,"Drowsy"
0.354394197463989,0.176774179664108,0.47,"Drowsy"
0.0632880330085754,0.0628651196573551,0.424,"Drowsy"
0.991389431990683,0.984844207195468,0.53,"Natural"
0.00657016038894653,0.00393504484985485,0.464,"Drowsy"
0.993113444652408,0.999781146303547,0.52,"Natural"
0.153986811637878,0.28371580939013,0.478,"Drowsy"
0.00850474834442139,0.195005557244421,0.432,"Drowsy"
0.954155642539263,0.991328264115778,0.612,"Natural"
0.201156616210938,0.231248887227216,0.464,"Drowsy"
0.656471192836761,0.0586723169670593,0.4,"Drowsy"
0.966687254607677,0.999202801664953,0.488,"Natural"
0.962776485830545,0.966660108217436,0.488,"Natural"
0.644081294536591,0.0871420278652338,0.466,"Drowsy"
0.992899303324521,0.997070724867094,0.704,"Natural"
0.999757944227895,0.99990571546869,0.53,"Natural"
0.00501406192779541,0.00215119114654638,0.424,"Drowsy"
0.442798674106598,0.0456464641718176,0.44,"Drowsy"
0.983910961076617,0.98903657736809,0.578,"Natural"
0.976129125803709,0.995249810314991,0.616,"Natural"
0.849253922700882,0.923866702990702,0.516,"Drowsy"
0.999846452090424,0.999835810356247,0.504,"Natural"
0.00256508588790894,0.01294327850136,0.552,"Drowsy"
0.999630429956596,0.999889906460314,0.534,"Natural"
0.998629121109843,0.196484387247493,0.436,"Drowsy"
0.999906406221271,0.9998372945795,0.504,"Natural"
0.988950846716762,0.991035992044304,0.474,"Natural"
0.0146209001541138,0.171537876144056,0.43,"Drowsy"
0.991890337318182,0.986880578014453,0.496,"Natural"
0.0812041163444519,0.544656201507268,0.48,"Drowsy"
0.994889389723539,0.999369206822495,0.53,"Natural"
0.0944312214851379,0.678894329307538,0.4,"Drowsy"
0.998022645711899,0.995591702539479,0.528,"Natural"
0.999874031171203,0.999889413899168,0.526,"Natural"
0.988532381132245,0.998957411089217,0.646,"Natural"
0.15472799539566,0.0652123116200205,0.49,"Drowsy"
0.99276366783306,0.998936358749828,0.556,"Natural"
0.998074108734727,0.985991888154369,0.608,"Natural"
0.927091777324677,0.987050898990146,0.49,"Natural"
0.999737596110208,0.999880755805755,0.492,"Natural"
0.358977079391479,0.633469909281884,0.36,"Drowsy"
0.989268852397799,0.98685088451673,0.66,"Natural"
0.999493165581953,0.999919753123573,0.56,"Natural"
0.253216326236725,0.0532408045336347,0.446,"Drowsy"
0.952831994742155,0.998359027353515,0.512,"Natural"
0.131956279277802,0.278958182213996,0.472,"Drowsy"
0.99637434259057,0.982160073490216,0.674,"Natural"
0.999419682659209,0.999887962435316,0.518,"Natural"
0.0236073732376099,0.0827799262016147,0.46,"Drowsy"
0.370108127593994,0.088483845597692,0.498,"Drowsy"
0.994430875405669,0.998884875982796,0.56,"Natural"
0.138483285903931,0.42931682989981,0.444,"Drowsy"
0.555758148431778,0.921123742376444,0.502,"Natural"
0.0153235793113708,0.500080219241452,0.524,"Drowsy"
0.999800757024786,0.99991451247657,0.518,"Natural"
0.966371830552816,0.993371045832235,0.552,"Natural"
0.99973055603914,0.999931443126392,0.51,"Natural"
0.00746101140975952,0.0348377556940639,0.452,"Drowsy"
0.992525392211974,0.195690804766514,0.434,"Drowsy"
0.993570307269692,0.984113416402773,0.586,"Natural"
0.998767258715816,0.989242635175668,0.622,"Natural"
0.968479499220848,0.964329155370767,0.49,"Natural"
0.360970497131348,0.563210523595913,0.416,"Drowsy"
0.0175614953041077,0.160065870981347,0.446,"Drowsy"
0.678181976079941,0.975371335608829,0.508,"Drowsy"
0.283128380775452,0.0500010801031014,0.466,"Drowsy"
0.995599210262299,0.988656004665099,0.452,"Natural"
0.998519450309686,0.982626920098489,0.672,"Natural"
0.812496855854988,0.9487366924441,0.432,"Drowsy"
0.999373216181993,0.997579235464598,0.644,"Natural"
0.0886856317520142,0.24535330567477,0.414,"Drowsy"
0.0234730243682861,0.0175662231825076,0.39,"Drowsy"
0.00524991750717163,0.00208977135575761,0.464,"Drowsy"
0.141159474849701,0.0339216388096911,0.4,"Drowsy"
0.987145899794996,0.988182112081988,0.544,"Natural"
0.0448635816574097,0.280075314597747,0.474,"Drowsy"
0.0117098093032837,0.201652965556334,0.458,"Drowsy"
0.0928688645362854,0.38171641876663,0.4,"Drowsy"
0.974366120994091,0.749837254732582,0.46,"Drowsy"
0.998837234685197,0.995533753515039,0.464,"Drowsy"
0.0046846866607666,0.0611372349808353,0.448,"Drowsy"
0.827538996934891,0.907411434725486,0.502,"Drowsy"
0.995303622912616,0.99670862217177,0.654,"Natural"
0.154453098773956,0.245162742898536,0.478,"Drowsy"
0.0845046639442444,0.44932122591883,0.442,"Drowsy"
0.131856560707092,0.0261943982682583,0.504,"Drowsy"
0.996600886574015,0.98214139416993,0.642,"Natural"
0.540550500154495,0.266039370165233,0.432,"Drowsy"
0.987490064464509,0.981599386686176,0.47,"Natural"
0.999834462971194,0.99988286905312,0.508,"Natural"
0.999511931702727,0.999800284010465,0.51,"Natural"
0.991782767698169,0.998932892711071,0.654,"Natural"
0.823772549629211,0.722484397902074,0.402,"Drowsy"
0.43299001455307,0.696044299821587,0.49,"Drowsy"
0.019589364528656,0.0682412011723081,0.442,"Drowsy"
0.00140517950057983,0.023865074572577,0.436,"Drowsy"
0.999534189002588,0.999860557940008,0.488,"Natural"
0.654905557632446,0.894040728243995,0.526,"Drowsy"
0.999379972519819,0.9998730680902,0.53,"Natural"
0.486133575439453,0.639522164783269,0.472,"Drowsy"
0.874163389205933,0.99264786082354,0.47,"Natural"
0.443055510520935,0.0258691419290679,0.396,"Drowsy"
0.970093945041299,0.377072336291244,0.462,"Drowsy"
0.00174909830093384,0.00578538020866692,0.502,"Drowsy"
0.999569538311334,0.999879534128109,0.516,"Natural"
0.93243932723999,0.983726993638606,0.484,"Drowsy"
0.772565558552742,0.189988586516473,0.402,"Drowsy"
0.0298264026641846,0.760215550144324,0.358,"Drowsy"
0.996503503294662,0.109416378417328,0.498,"Drowsy"
0.987651362083852,0.990171358095191,0.482,"Natural"
0.18635493516922,0.945516035068336,0.51,"Drowsy"
0.302985727787018,0.607946805863308,0.4,"Drowsy"
0.0041053295135498,0.00736046513033362,0.464,"Drowsy"
0.975012792274356,0.994067810603495,0.58,"Natural"
0.999890288963798,0.999797859054395,0.522,"Natural"
0.990575358271599,0.107411713734063,0.442,"Drowsy"
0.987352235242724,0.98065673281483,0.518,"Natural"
0.587569624185562,0.0207564333430451,0.422,"Drowsy"
0.999828398678801,0.999467419188678,0.556,"Natural"
0.967271972447634,0.994562660691615,0.57,"Natural"
0.0681483149528503,0.040085194621268,0.454,"Drowsy"
0.0195256471633911,0.212830364186649,0.47,"Drowsy"
0.983264865353703,0.999874805662308,0.538,"Natural"
0.99978697214101,0.999935186446891,0.542,"Natural"
0.91431737691164,0.0729039308865287,0.406,"Drowsy"
0.00319129228591919,0.011646333930952,0.514,"Drowsy"
0.0172461271286011,0.0811510889981616,0.54,"Drowsy"
0.563394695520401,0.485126509488226,0.448,"Drowsy"
0.979314917698503,0.98564946616547,0.652,"Natural"
0.00661534070968628,0.0242668249261211,0.418,"Drowsy"
0.990402484312654,0.999983307478049,0.582,"Natural"
0.986006753519177,0.901914437523225,0.526,"Drowsy"
0.99497498665005,0.999930740227363,0.566,"Natural"
0.989720817655325,0.995501469263067,0.484,"Natural"
0.19667649269104,0.0633116048515077,0.372,"Drowsy"
0.821979910135269,0.983322076025962,0.484,"Natural"
0.318284809589386,0.129770678560742,0.49,"Drowsy"
0.499096393585205,0.324598813975102,0.478,"Drowsy"
0.944794233888388,0.959780853202213,0.422,"Drowsy"
0.959243960678577,0.965285694597247,0.432,"Natural"
0.436302900314331,0.0235354636782623,0.486,"Drowsy"
0.084506630897522,0.887229014349301,0.532,"Drowsy"
0.887233413755894,0.992845285595539,0.57,"Natural"
0.0104221105575562,0.18004788453526,0.432,"Drowsy"
0.102976381778717,0.93735782043635,0.506,"Drowsy"
0.965090408921242,0.994911989692898,0.6,"Natural"
0.998087590094656,0.992930075789731,0.442,"Natural"
0.675737023353577,0.672816766291874,0.43,"Drowsy"
0.996822267072275,0.981807054609181,0.666,"Natural"
0.704290360212326,0.876258236186575,0.388,"Drowsy"
0.951852653175592,0.99929258041485,0.506,"Natural"
0.985803169198334,0.988004339347017,0.48,"Natural"
0.991528745740652,0.833170895591626,0.488,"Drowsy"
0.283341825008392,0.955550972608484,0.454,"Drowsy"
0.995545340236276,0.362837053819841,0.484,"Drowsy"
0.96963394805789,0.995132944102795,0.506,"Natural"
0.194044530391693,0.762965116692984,0.42,"Drowsy"
0.025797426700592,0.164554432653134,0.424,"Drowsy"
0.995054969098419,0.352260184601861,0.442,"Drowsy"
0.110673785209656,0.0267181010612326,0.48,"Drowsy"
0.178081810474396,0.0481579899815242,0.414,"Drowsy"
0.252428233623505,0.0582080636439913,0.48,"Drowsy"
0.924064695835114,0.986046614601433,0.574,"Natural"
0.233573436737061,0.238001934381182,0.44,"Drowsy"
0.993040595669299,0.987449570191797,0.652,"Natural"
0.161601424217224,0.944565387093292,0.506,"Drowsy"
0.893905304372311,0.946015269958733,0.466,"Drowsy"
0.186701416969299,0.0528624334785859,0.422,"Drowsy"
0.233536183834076,0.170962593364089,0.492,"Drowsy"
0.999899435322732,0.999861636741667,0.504,"Natural"
0.984849554486573,0.994547862818106,0.61,"Natural"
0.967998970299959,0.991780284235025,0.588,"Natural"
0.999814911963767,0.999825744703606,0.464,"Natural"
0.91062093526125,0.964832865477775,0.48,"Drowsy"
0.447487652301788,0.417047876510337,0.424,"Drowsy"
0.526201337575912,0.17673961953663,0.412,"Drowsy"
0.979588875547051,0.999582388155069,0.54,"Natural"
0.0464857816696167,0.00751438662748294,0.526,"Drowsy"
0.201536476612091,0.0962141069209622,0.466,"Drowsy"
0.936812452971935,0.922225392860938,0.472,"Natural"
0.0404589772224426,0.00574096655235123,0.446,"Drowsy"
0.869935408234596,0.993863788128678,0.588,"Natural"
0.966611377894878,0.998815298285838,0.598,"Natural"
0.0336739420890808,0.0255606004155404,0.432,"Drowsy"
0.96788090094924,0.998735302350664,0.65,"Natural"
0.000385522842407227,0.00163575029039842,0.442,"Drowsy"
0.995910401921719,0.981733894681247,0.658,"Natural"
0.00432223081588745,0.0215216428552965,0.558,"Drowsy"
0.632257133722305,0.0203894259245303,0.436,"Drowsy"
0.14982807636261,0.250069007865439,0.42,"Drowsy"
0.989747431129217,0.100215013093899,0.456,"Drowsy"
0.999531646026298,0.999890885892424,0.56,"Natural"
0.999777971810545,0.999846732736974,0.518,"Natural"
0.18872207403183,0.0236030491941852,0.442,"Drowsy"
0.181870698928833,0.231747437615821,0.362,"Drowsy"
0.929164342582226,0.995747292411868,0.59,"Natural"
0.845170080661774,0.896068381384995,0.49,"Natural"
0.986625876277685,0.990765433568577,0.662,"Natural"
0.214037835597992,0.171169517741315,0.444,"Drowsy"
0.999769764326629,0.99984797163306,0.498,"Natural"
0.992161704227328,0.984470694614478,0.664,"Natural"
0.388390839099884,0.973330221415463,0.504,"Drowsy"
0.987017228268087,0.992733804365509,0.654,"Natural"
0.633135050535202,0.353974788309532,0.44,"Drowsy"
0.991571179591119,0.999790683719967,0.526,"Natural"
0.350949764251709,0.32865677119579,0.436,"Drowsy"
0.326908826828003,0.27120437355981,0.47,"Drowsy"
0.995743442792445,0.991475187459586,0.482,"Natural"
0.0810075402259827,0.827400678256569,0.446,"Drowsy"
0.903823681175709,0.919828445964205,0.508,"Drowsy"
0.998016067314893,0.975950086293957,0.478,"Natural"
0.740793913602829,0.180358871438118,0.382,"Drowsy"
0.986225573346019,0.982337461436903,0.46,"Natural"
0.295067012310028,0.0547774786412369,0.426,"Drowsy"
0.918145149946213,0.968380696377529,0.488,"Drowsy"
0.942337218672037,0.980757479011856,0.65,"Natural"
0.0136891603469849,0.102330613378221,0.426,"Drowsy"
0.994790157303214,0.998903347816895,0.634,"Natural"
0.906918168067932,0.989633516328387,0.474,"Natural"
0.999053096631542,0.999810893048472,0.546,"Natural"
0.996970273088664,0.999209812797522,0.564,"Natural"
0.216062903404236,0.345256414373607,0.452,"Drowsy"
0.350673735141754,0.0564312130115266,0.53,"Drowsy"
0.999707398965256,0.999915816233201,0.508,"Natural"
0.999898236048466,0.999859972443151,0.53,"Natural"
0.975672384724021,0.99017476352701,0.578,"Natural"
0.0781044363975525,0.259788866820682,0.398,"Drowsy"
0.997121213935316,0.988337405870935,0.588,"Natural"
0.982090590521693,0.998749346179385,0.528,"Natural"
0.0177626013755798,0.0979558007285145,0.486,"Drowsy"
0.988536953926086,0.978189576942819,0.668,"Natural"
0.999887291101913,0.999637905723287,0.546,"Natural"
0.992871697060764,0.961353854137166,0.662,"Natural"
0.0555042624473572,0.168069224166842,0.42,"Drowsy"
0.170789361000061,0.579673637349047,0.448,"Drowsy"
0.33279275894165,0.0444350455090083,0.388,"Drowsy"
0.17199718952179,0.549464098138403,0.496,"Drowsy"
0.781771376729012,0.97026928859247,0.51,"Drowsy"
0.999682867259253,0.999881668061109,0.516,"Natural"
0.537722438573837,0.175839615144023,0.416,"Drowsy"
0.490693986415863,0.577301464926521,0.388,"Drowsy"
0.993782326579094,0.998561166727658,0.592,"Natural"
0.980987478047609,0.998874412117909,0.53,"Natural"
0.269062757492065,0.620411680838488,0.382,"Drowsy"
0.939468808472157,0.982892305740992,0.516,"Drowsy"
0.950187332928181,0.95966930801211,0.512,"Natural"
0.999915998676443,0.999317240451704,0.504,"Natural"
0.827965065836906,0.948100173882448,0.502,"Natural"
0.988847512751818,0.983216254258373,0.616,"Natural"
0.998386729857884,0.999828680122283,0.502,"Natural"
0.162022113800049,0.199213266292344,0.442,"Drowsy"
0.994105051271617,0.992300306278589,0.464,"Natural"
0.0482215285301208,0.17447933421292,0.456,"Drowsy"
0.948201663792133,0.970585112619747,0.492,"Natural"
0.998432450811379,0.999887999218395,0.51,"Natural"
0.121601343154907,0.0884288351238631,0.482,"Drowsy"
0.00807273387908936,0.127455560500224,0.398,"Drowsy"
0.14706289768219,0.00916069470878611,0.53,"Drowsy"
0.184154212474823,0.178219935401664,0.444,"Drowsy"
0.723955780267715,0.979682835077529,0.468,"Natural"
0.474638998508453,0.95209058216917,0.534,"Natural"
0.956529255956411,0.958488273431557,0.454,"Drowsy"
0.333415865898132,0.965214870245051,0.482,"Drowsy"
0.0177624821662903,0.400281918611286,0.476,"Drowsy"
0.966588016599417,0.975299199533108,0.468,"Natural"
0.997971834149212,0.981495609062053,0.488,"Natural"
0.984882397577167,0.984063982026246,0.648,"Natural"
0.196561336517334,0.591208538373091,0.402,"Drowsy"
0.6335309445858,0.961222739296404,0.462,"Drowsy"
0.999474911892321,0.999846124726696,0.482,"Natural"
0.89825002849102,0.0472092000151461,0.46,"Drowsy"
0.00136512517929077,0.00462532306327512,0.528,"Drowsy"
0.30305951833725,0.393956542185753,0.398,"Drowsy"
0.999652453145245,0.999870161838573,0.524,"Natural"
0.974147569388151,0.995798981183176,0.65,"Natural"
0.00608640909194946,0.0573386031649337,0.438,"Drowsy"
0.233130395412445,0.106567630436371,0.422,"Drowsy"
0.998163502896205,0.99312198169869,0.646,"Natural"
0.00605541467666626,0.122126059122314,0.396,"Drowsy"
0.984285144135356,0.999175007051387,0.62,"Natural"
0.983680069446564,0.99994786255621,0.53,"Natural"
0.985224792733788,0.992742379487811,0.484,"Natural"
0.0382916331291199,0.347790878812906,0.5,"Drowsy"
0.118432462215424,0.0677010674403793,0.406,"Drowsy"
0.810620695352554,0.40142027581783,0.522,"Drowsy"
0.95805735886097,0.939318048304847,0.468,"Drowsy"
0.993653165176511,0.999753260921094,0.426,"Natural"
0.453201174736023,0.96456742860375,0.474,"Drowsy"
0.984431807883084,0.99290744066391,0.572,"Natural"
0.00984197854995728,0.0748792680641003,0.446,"Drowsy"
0.912184603512287,0.999337722821585,0.546,"Natural"
0.999566301557934,0.99986045439356,0.54,"Natural"
0.914578437805176,0.950029151416869,0.444,"Drowsy"
0.990584240294993,0.987612697121378,0.502,"Natural"
0.99935144506162,0.99989409268321,0.506,"Natural"
0.98446075245738,0.367978464098895,0.466,"Drowsy"
0.99921855534194,0.999850458356466,0.518,"Natural"
0.0472056865692139,0.226791893035155,0.444,"Drowsy"
0.00566250085830688,0.0758466416825118,0.508,"Drowsy"
0.998072583111934,0.994255882862755,0.63,"Natural"
0.447949171066284,0.145511768676258,0.492,"Drowsy"
0.330062747001648,0.0255301049771313,0.416,"Drowsy"
0.248467683792114,0.176615509278684,0.456,"Drowsy"
0.00337505340576172,0.127633923414361,0.468,"Drowsy"
0.209139406681061,0.682920487387542,0.458,"Drowsy"
0.999265275197104,0.999867932115983,0.568,"Natural"
0.977086625993252,0.954379857707654,0.466,"Natural"
0.994805072899908,0.972449092941028,0.644,"Natural"
0.922402501106262,0.969193946541478,0.48,"Drowsy"
0.920572333037853,0.993807134323867,0.572,"Natural"
0.242594540119171,0.0891043654373396,0.428,"Drowsy"
0.999864149809582,0.999722471939707,0.538,"Natural"
0.999845428217668,0.999815479812544,0.544,"Natural"
0.247186183929443,0.152368362587795,0.426,"Drowsy"
0.9919349309057,0.998369140702968,0.602,"Natural"
0.525951325893402,0.0407795269557769,0.4,"Drowsy"
0.973263625055552,0.999610621653246,0.488,"Natural"
0.547042906284332,0.456658291441979,0.446,"Drowsy"
0.986469474621117,0.997668474224976,0.716,"Natural"
0.996201710309833,0.996017365485565,0.444,"Natural"
0.483895242214203,0.976124842982612,0.534,"Drowsy"
0.11704558134079,0.104784511386751,0.554,"Drowsy"
0.959295943379402,0.997263273395544,0.478,"Natural"
0.348272740840912,0.0148096890338079,0.476,"Drowsy"
0.0062674880027771,0.00186205241749671,0.462,"Drowsy"
0.289221107959747,0.383375300820156,0.434,"Drowsy"
0.861054465174675,0.991416529400112,0.53,"Natural"
0.999211922986433,0.367897295318073,0.478,"Drowsy"
0.595491200685501,0.999880999127824,0.55,"Natural"
0.895305410027504,0.992033131469662,0.574,"Natural"
0.996620994294062,0.989627425760502,0.656,"Natural"
0.997326997807249,0.993576963173528,0.586,"Natural"
0.983574241399765,0.996946860638005,0.714,"Natural"
0.486314833164215,0.748458357937449,0.468,"Drowsy"
0.102833449840546,0.510091891460955,0.468,"Drowsy"
0.270012497901917,0.0221213106213684,0.446,"Drowsy"
0.0473953485488892,0.143626980595076,0.482,"Drowsy"
0.0422326922416687,0.0830139487687775,0.46,"Drowsy"
0.466459810733795,0.980000423593488,0.492,"Drowsy"
0.423185169696808,0.136017468782195,0.422,"Drowsy"
0.001911461353302,0.0191143510358796,0.464,"Drowsy"
0.997596744680777,0.999386393537036,0.576,"Natural"
0.324195921421051,0.678932610126292,0.382,"Drowsy"
0.860733270645142,0.971152032029267,0.5,"Natural"
0.00334322452545166,0.0211264452939961,0.466,"Drowsy"
0.0938568115234375,0.0769463803026407,0.402,"Drowsy"
0.0130413174629211,0.370467662140581,0.456,"Drowsy"
0.238152265548706,0.310414244486116,0.526,"Drowsy"
0.598559498786926,0.950940624565447,0.536,"Natural"
0.988249913789332,0.998530937825335,0.664,"Natural"
0.793809279799461,0.970746562485248,0.494,"Drowsy"
0.986595055088401,0.989855049475719,0.56,"Natural"
0.951039046049118,0.983010281693867,0.59,"Natural"
0.00489389896392822,0.00234312693896666,0.424,"Drowsy"
0.342690587043762,0.335173960026765,0.434,"Drowsy"
0.98092782124877,0.929983904703662,0.526,"Drowsy"
0.620598703622818,0.174788852318967,0.392,"Drowsy"
0.304511904716492,0.00978593320875276,0.44,"Drowsy"
0.966285347938538,0.9730382891178,0.486,"Natural"
0.107751965522766,0.0141171355317237,0.418,"Drowsy"
0.463832080364227,0.021130438966815,0.45,"Drowsy"
0.994139824993908,0.99554784817305,0.61,"Natural"
0.164775609970093,0.00111863512808252,0.466,"Drowsy"
0.90734326839447,0.972730531181392,0.614,"Natural"
0.997585219796747,0.993278817886355,0.644,"Natural"
0.0964510440826416,0.1720940092274,0.468,"Drowsy"
0.695645928382874,0.935217735143861,0.444,"Drowsy"
0.0150477290153503,0.156720248467856,0.426,"Drowsy"
0.995638170745224,0.987665431202294,0.468,"Natural"
0.0136045217514038,0.00178875003362156,0.414,"Drowsy"
0.989754198119044,0.991690888773511,0.642,"Natural"
0.218919396400452,0.343800106279432,0.468,"Drowsy"
0.96941434033215,0.999895058737725,0.534,"Natural"
0.996062425896525,0.998778601994166,0.682,"Natural"
0.997498015407473,0.999980662430939,0.526,"Natural"
0.996567410649732,0.999235147045001,0.656,"Natural"
0.00709718465805054,0.164247963943274,0.402,"Drowsy"
0.935633443295956,0.9956467632117,0.622,"Natural"
0.995832186657935,0.999247305530543,0.606,"Natural"
0.142077028751373,0.191868725092219,0.458,"Drowsy"
0.999008768936619,0.999725579097561,0.506,"Natural"
0.995529984124005,0.987465673319376,0.626,"Natural"
0.160142600536346,0.0493672745176049,0.49,"Drowsy"
0.999811316272826,0.999889886847971,0.528,"Natural"
0.999466812063474,0.999536857710667,0.572,"Natural"
0.095763623714447,0.018281664373624,0.382,"Drowsy"
0.987706273794174,0.997123479175373,0.556,"Natural"
0.985421526245773,0.96935943031743,0.488,"Natural"
0.986792555078864,0.999832909355988,0.534,"Natural"
0.990533783100545,0.983674690827232,0.6,"Natural"
0.711755871772766,0.998274759727463,0.568,"Natural"
0.998590459232219,0.990935442198293,0.464,"Natural"
0.982432756572962,0.985694537933959,0.558,"Natural"
0.0454884767532349,0.594668622948175,0.436,"Drowsy"
0.400403141975403,0.0262302484213335,0.49,"Drowsy"
0.926290825009346,0.949985760077512,0.518,"Drowsy"
0.999407472496387,0.99986029193542,0.516,"Natural"
0.999532842339249,0.99980945927389,0.502,"Natural"
0.30188262462616,0.308957630545702,0.434,"Drowsy"
0.652187287807465,0.961449011172724,0.434,"Drowsy"
0.0102356672286987,0.166678430933297,0.434,"Drowsy"
0.999802251259098,0.999779939181109,0.598,"Natural"
0.614003092050552,0.235387062845189,0.498,"Drowsy"
0.999873763983487,0.999618651903723,0.502,"Natural"
0.852150440216064,0.971886655128138,0.488,"Drowsy"
0.933069832623005,0.98282961901629,0.492,"Natural"
0.935678467154503,0.994312984199678,0.47,"Natural"
0.987648413516581,0.983488881549279,0.638,"Natural"
0.999904454605712,0.999814649969751,0.524,"Natural"
0.214136600494385,0.184147840617772,0.442,"Drowsy"
0.970671076327562,0.995846978656869,0.62,"Natural"
0.998238327447325,0.999887819645442,0.494,"Natural"
0.0459504127502441,0.00149392482526056,0.468,"Drowsy"
0.98096733354032,0.995869982995319,0.638,"Natural"
0.358399569988251,0.622459710966915,0.398,"Drowsy"
0.199378490447998,0.1914757065009,0.44,"Drowsy"
0.817884162068367,0.919435355424267,0.522,"Drowsy"
0.45193737745285,0.484771061695059,0.424,"Drowsy"
0.991125739179552,0.996991640752926,0.468,"Drowsy"
0.534538209438324,0.020091035664683,0.404,"Drowsy"
0.101832866668701,0.18225389567524,0.418,"Drowsy"
0.453546285629272,0.489506040405314,0.376,"Drowsy"
0.96127362921834,0.991400198481965,0.568,"Natural"
0.484655261039734,0.166024696328117,0.432,"Drowsy"
0.98970093857497,0.993684654603108,0.646,"Natural"
0.936213865876198,0.992724457163334,0.532,"Natural"
0.994650156237185,0.990004767475581,0.486,"Natural"
0.993312666192651,0.994221207678786,0.632,"Natural"
0.142982840538025,0.329945140435151,0.502,"Drowsy"
0.654643535614014,0.90850665175247,0.56,"Drowsy"
0.999748539557913,0.999900091489574,0.474,"Natural"
0.682113260030746,0.0611352605153264,0.49,"Drowsy"
0.993038775864989,0.138806227332489,0.394,"Drowsy"
0.0319931507110596,0.499473222594565,0.388,"Drowsy"
0.263334453105927,0.557573624168356,0.406,"Drowsy"
0.995921811554581,0.993539517580083,0.614,"Natural"
0.999092187790666,0.99796358237676,0.622,"Natural"
0.493467032909393,0.0222903842915195,0.486,"Drowsy"
0.998193872743286,0.995133726580846,0.508,"Drowsy"
0.98396454192698,0.992925058936315,0.644,"Natural"
0.245564579963684,0.0858799090963445,0.47,"Drowsy"
0.109729826450348,0.297368372050261,0.39,"Drowsy"
0.746346801519394,0.996892704225491,0.534,"Natural"
0.0117499828338623,0.138031274424969,0.424,"Drowsy"
0.979734329506755,0.996736043359115,0.716,"Natural"
0.999055892403703,0.378658230808559,0.506,"Drowsy"
0.319135785102844,0.00972943358416922,0.424,"Drowsy"
0.99928237113636,0.999897555596005,0.488,"Natural"
0.0147749781608582,0.166629484150663,0.478,"Drowsy"
0.971397081390023,0.999747328984886,0.574,"Natural"
0.619816333055496,0.441048170397072,0.434,"Drowsy"
0.987885504029691,0.9871992056656,0.472,"Natural"
0.832830488681793,0.988829956186846,0.546,"Natural"
0.983180779963732,0.97878919854097,0.674,"Natural"
0.971771918237209,0.995436741591159,0.628,"Natural"
0.340844631195068,0.956861966987795,0.498,"Drowsy"
0.0817801356315613,0.613585522206265,0.466,"Drowsy"
0.0171398520469666,0.156207178412138,0.432,"Drowsy"
0.440248310565948,0.0222750711140733,0.41,"Drowsy"
0.987905028276145,0.0963128917850354,0.44,"Drowsy"
0.681231439113617,0.956204939927909,0.414,"Drowsy"
0.942677471786737,0.93133652868881,0.426,"Drowsy"
0.156536519527435,0.248138461427797,0.496,"Drowsy"
0.029270350933075,0.00518178553376358,0.446,"Drowsy"
0.201319992542267,0.581496395193477,0.38,"Drowsy"
0.999858916329686,0.999861209794905,0.536,"Natural"
0.999375761195552,0.997818245056251,0.618,"Natural"
0.019397497177124,0.0703249369794345,0.466,"Drowsy"
0.381840288639069,0.264857194588476,0.478,"Drowsy"
0.131148636341095,0.945583452569931,0.458,"Drowsy"
0.0273523926734924,0.172139394540539,0.43,"Drowsy"
0.995416427496821,0.999704108814855,0.482,"Natural"
0.143631756305695,0.00404663791998416,0.408,"Drowsy"
0.438187956809998,0.774987379932744,0.426,"Drowsy"
0.999765362488688,0.999886480465277,0.5,"Natural"
0.101391434669495,0.387670349639161,0.444,"Drowsy"
0.63614547252655,0.436941885100906,0.512,"Drowsy"
0.115893661975861,0.195886672712799,0.458,"Drowsy"
0.936230398714542,0.987970896987872,0.478,"Natural"
0.0783005356788635,0.0313475922737012,0.402,"Drowsy"
0.930764272809029,0.973936075663028,0.5,"Natural"
0.170002818107605,0.011239194240283,0.532,"Drowsy"
0.0566962361335754,0.098643065203052,0.424,"Drowsy"
0.492079377174377,0.2168377184066,0.44,"Drowsy"
0.930900201201439,0.999172779210267,0.55,"Natural"
0.965139333158731,0.954610293606838,0.506,"Natural"
0.984421861357987,0.994290645167704,0.656,"Natural"
0.988829002715647,0.969696960015151,0.484,"Natural"
0.996283240383491,0.996293798941111,0.548,"Natural"
0.982664663344622,0.99022566826057,0.498,"Natural"
0.991308234632015,0.995063165313315,0.686,"Natural"
0.654506683349609,0.980193023009931,0.474,"Drowsy"
0.0492053031921387,0.0782672015097248,0.482,"Drowsy"
0.999852584398468,0.999837882721192,0.566,"Natural"
0.162971019744873,0.266273115069726,0.462,"Drowsy"
0.999953135025862,0.999379304923457,0.56,"Natural"
0.987598736770451,0.998591006669974,0.46,"Drowsy"
0.99343920731917,0.99988060952701,0.486,"Natural"
0.99949415831361,0.999871554049338,0.558,"Natural"
0.97990413941443,0.937143067300353,0.488,"Natural"
0.0201303958892822,0.0760751616301804,0.444,"Drowsy"
0.886840134859085,0.969760992715185,0.478,"Drowsy"
0.850246876478195,0.959028552727067,0.482,"Natural"
0.822954967617989,0.766037585347702,0.446,"Drowsy"
0.273424625396729,0.0627915041224313,0.494,"Drowsy"
0.052753210067749,0.0868836590551763,0.484,"Drowsy"
0.994805363472551,0.999134901300739,0.65,"Natural"
0.0179634690284729,0.295978708009061,0.438,"Drowsy"
0.230915188789368,0.0221100337294251,0.422,"Drowsy"
0.954099617898464,0.994682336192578,0.658,"Natural"
0.417067766189575,0.0207888139798015,0.416,"Drowsy"
0.999776057287818,0.999906450729627,0.544,"Natural"
0.989836988039315,0.995805454155083,0.506,"Natural"
0.105476975440979,0.0553733681789463,0.402,"Drowsy"
0.99883799534291,0.999983116066788,0.568,"Natural"
0.19257640838623,0.689408717237202,0.494,"Drowsy"
0.801675379276276,0.955609598943765,0.52,"Natural"
0.987981047481298,0.983594518924385,0.488,"Natural"
0.980459285899997,0.988279690553717,0.504,"Natural"
0.952108953148127,0.999870267318876,0.526,"Natural"
0.984092466533184,0.99617399390521,0.512,"Natural"
0.238184332847595,0.0430958944466617,0.406,"Drowsy"
0.979025142267346,0.998385421495549,0.536,"Natural"
0.141324758529663,0.0811828265559292,0.528,"Drowsy"
0.99520665500313,0.991859383923443,0.458,"Natural"
0.995890730060637,0.998757029124387,0.608,"Natural"
0.999680809793063,0.999823005239472,0.544,"Natural"
0.949592765420675,0.975285007673645,0.464,"Natural"
0.00885653495788574,0.462972621110843,0.48,"Drowsy"
0.231307446956635,0.0256397992125892,0.502,"Drowsy"
0.984952897764742,0.999755186360008,0.55,"Natural"
0.00775265693664551,0.0214354705301266,0.468,"Drowsy"
0.00695180892944336,0.197049103117288,0.422,"Drowsy"
0.0165916681289673,0.00881731679933251,0.444,"Drowsy"
0.997303998097777,0.970268475517904,0.664,"Natural"
0.286498844623566,0.954881160690015,0.486,"Drowsy"
0.740702033042908,0.547301577969438,0.478,"Drowsy"
0.810948625206947,0.587603893736466,0.494,"Drowsy"
0.0006522536277771,0.00939793982950754,0.514,"Drowsy"
0.145376443862915,0.401018059666866,0.508,"Drowsy"
0.933801136910915,0.966282253349514,0.48,"Drowsy"
0.927475243806839,0.99614059566489,0.558,"Natural"
0.694479167461395,0.993799253462382,0.498,"Natural"
0.99828935158439,0.996118082507688,0.602,"Natural"
0.0133743286132812,0.0356527968877366,0.51,"Drowsy"
0.137226402759552,0.550902019872833,0.47,"Drowsy"
0.999926487427729,0.999551371853417,0.476,"Natural"
0.261510491371155,0.31490620895772,0.464,"Drowsy"
0.0024874210357666,0.466242123649589,0.504,"Drowsy"
0.0048641562461853,0.00324438522343129,0.43,"Drowsy"
0.0168766379356384,0.258479736049329,0.486,"Drowsy"
0.90629156678915,0.990856127363944,0.486,"Natural"
0.396032333374023,0.0197130670921459,0.482,"Drowsy"
0.998709657578729,0.999985584804487,0.532,"Natural"
0.990429696626961,0.993414575769218,0.504,"Drowsy"
0.108625471591949,0.00199031284484397,0.402,"Drowsy"
0.95058286190033,0.931318949431305,0.468,"Natural"
0.175147831439972,0.353385120130891,0.374,"Drowsy"
0.0843549370765686,0.014547199537871,0.494,"Drowsy"
0.995714924298227,0.997865092236718,0.506,"Natural"
0.00403034687042236,0.00297169775829231,0.476,"Drowsy"
0.946458298712969,0.972549675215813,0.508,"Drowsy"
0.296846151351929,0.0248011691350415,0.44,"Drowsy"
0.271268427371979,0.763133867479536,0.464,"Drowsy"
0.999735591787612,0.999860004745747,0.514,"Natural"
0.0214704275131226,0.159496181964253,0.418,"Drowsy"
0.807585284113884,0.9570314770015,0.448,"Drowsy"
0.22913008928299,0.040377429594153,0.462,"Drowsy"
0.999169956892729,0.999928719986124,0.49,"Natural"
0.00975573062896729,0.0485055316765979,0.414,"Drowsy"
0.98251711577177,0.980373704824367,0.67,"Natural"
0.987450199201703,0.98206269458915,0.68,"Natural"
0.999696193583077,0.999894215589317,0.534,"Natural"
0.740652740001678,0.999935603336694,0.618,"Natural"
0.999836071248865,0.999522512891304,0.578,"Natural"
0.972889758646488,0.999302114731709,0.532,"Natural"
0.00450009107589722,0.000824668907792425,0.448,"Drowsy"
0.988425567746162,0.115597800417743,0.444,"Drowsy"
0.906501814723015,0.942108059352102,0.486,"Natural"
0.82665890455246,0.969573914027346,0.478,"Drowsy"
0.048344612121582,0.159724875675014,0.422,"Drowsy"
0.0113717913627625,0.178422648300069,0.416,"Drowsy"
0.258972644805908,0.199972947794577,0.458,"Drowsy"
0.876643039286137,0.992358584935625,0.546,"Natural"
0.999708761868533,0.999811884552561,0.538,"Natural"
0.999567484424915,0.437414623706952,0.498,"Drowsy"
0.385380268096924,0.0600016087617348,0.458,"Drowsy"
0.989858038723469,0.980160216010569,0.64,"Natural"
0.996265521738678,0.999416785385106,0.604,"Natural"
0.976112665608525,0.99566070548931,0.626,"Natural"
0.999727861722931,0.999931991248425,0.582,"Natural"
0.996289244154468,0.999302690535467,0.598,"Natural"
0.126710653305054,0.425551429157501,0.432,"Drowsy"
0.983749348670244,0.995776415667299,0.694,"Natural"
0.378099858760834,0.0235200399793772,0.484,"Drowsy"
0.0569682121276855,0.305717502676296,0.408,"Drowsy"
0.943208683282137,0.977533076530141,0.492,"Natural"
0.983167937025428,0.998107896733797,0.646,"Natural"
0.013744592666626,0.150355947631851,0.418,"Drowsy"
0.165912210941315,0.337257029350568,0.454,"Drowsy"
0.999674348480767,0.999825385636528,0.524,"Natural"
0.999626224511303,0.999882532574423,0.508,"Natural"
0.962128534913063,0.990897560257811,0.514,"Natural"
0.0142019391059875,0.0953353370887827,0.452,"Drowsy"
0.999750181275886,0.999943105257897,0.54,"Natural"
0.520582526922226,0.921927837987814,0.472,"Drowsy"
0.392247557640076,0.022862173173162,0.416,"Drowsy"
0.993256211746484,0.965828856069233,0.648,"Natural"
0.985376801341772,0.996134266167643,0.666,"Natural"
0.238124847412109,0.0356228094380269,0.49,"Drowsy"
0.0570293068885803,0.262365305962438,0.46,"Drowsy"
0.999541441298788,0.999891642060013,0.542,"Natural"
0.999887061421759,0.999747830639913,0.526,"Natural"
0.998807546100579,0.991146382606684,0.512,"Natural"
0.993972240015864,0.994594692543151,0.528,"Natural"
0.98775715008378,0.998198614627192,0.628,"Natural"
0.999591311061522,0.998500378672077,0.506,"Natural"
0.992897541727871,0.998771545127259,0.574,"Natural"
0.00987446308135986,0.44288901839621,0.502,"Drowsy"
0.99972883737064,0.999835938949335,0.516,"Natural"
0.939892716705799,0.999296217850361,0.558,"Natural"
0.993925705552101,0.996455740024421,0.59,"Natural"
0.00136131048202515,0.19396545723442,0.486,"Drowsy"
0.785901173949242,0.999934260309919,0.586,"Natural"
0.0103998184204102,0.102405076799382,0.394,"Drowsy"
0.982729768380523,0.958216551967281,0.538,"Natural"
0.28075784444809,0.0753014859727275,0.392,"Drowsy"
0.0178754329681396,0.0909109468906366,0.448,"Drowsy"
0.904109470546246,0.864325543840669,0.504,"Natural"
0.996597371529788,0.986072296155426,0.526,"Natural"
0.988650491461158,0.995569154884957,0.6,"Natural"
0.0508942008018494,0.0080239825042131,0.464,"Drowsy"
0.00381261110305786,0.183111753584005,0.448,"Drowsy"
0.999344520794693,0.999937479017474,0.484,"Natural"
0.0956364274024963,0.958657874308404,0.488,"Drowsy"
0.99984143274196,0.99989038840152,0.536,"Natural"
0.765804171562195,0.470609584344578,0.456,"Drowsy"
0.999780771468068,0.99988603910062,0.514,"Natural"
0.999390250595752,0.4259216377338,0.5,"Drowsy"
0.996939635369927,0.998666930462035,0.654,"Natural"
0.0879378318786621,0.350022503718874,0.548,"Drowsy"
0.953514311462641,0.996428448551481,0.466,"Natural"
0.9996863102715,0.997364517453523,0.578,"Natural"
0.796360403299332,0.242621712922866,0.506,"Drowsy"
0.987509689293802,0.98982117185704,0.41,"Natural"
0.999473218224011,0.999902517651754,0.55,"Natural"
0.982203256338835,0.946167681606671,0.472,"Natural"
0.850315064191818,0.981859995024016,0.476,"Natural"
0.999000640702434,0.995794897721802,0.612,"Natural"
0.98090024292469,0.945443549426915,0.482,"Natural"
0.910809576511383,0.972780729747548,0.484,"Natural"
0.0467761754989624,0.186247288555341,0.422,"Drowsy"
0.218181014060974,0.212215624811398,0.49,"Drowsy"
0.774417266249657,0.358133875779718,0.434,"Drowsy"
0.246026217937469,0.169121704775377,0.408,"Drowsy"
0.496367037296295,0.373008331950667,0.438,"Drowsy"
0.896627269685268,0.97019037516328,0.486,"Natural"
0.997634481405839,0.991917708217686,0.478,"Natural"
0.136699080467224,0.963358125606583,0.464,"Drowsy"
0.991756342351437,0.998602531480428,0.668,"Natural"
0.0410269498825073,0.410939667668943,0.412,"Drowsy"
0.917776212096214,0.605506201886562,0.506,"Drowsy"
0.00313818454742432,0.15148687240228,0.434,"Drowsy"
0.985335621982813,0.940008584993494,0.502,"Natural"
0.632844030857086,0.408422436836595,0.42,"Drowsy"
0.399406552314758,0.0217926329988923,0.386,"Drowsy"
0.998488887329586,0.988371821073529,0.642,"Natural"
0.0397322773933411,0.00319926065160148,0.398,"Drowsy"
0.917333140969276,0.969852381295274,0.558,"Drowsy"
0.930875457823277,0.0427390622116369,0.456,"Drowsy"
0.965641990303993,0.984456884116126,0.472,"Natural"
0.442541539669037,0.0208969449086924,0.38,"Drowsy"
0.0185489058494568,0.0169622747660951,0.472,"Drowsy"
0.936252057552338,0.957548532959675,0.46,"Natural"
0.001251220703125,0.00337829701114878,0.55,"Drowsy"
0.993577911984175,0.990153645227252,0.524,"Natural"
0.271353244781494,0.943121722449996,0.532,"Drowsy"
0.0680782198905945,0.471041153338478,0.422,"Drowsy"
0.0190845727920532,0.164081992180682,0.432,"Drowsy"
0.0123730301856995,0.0958399581534285,0.446,"Drowsy"
0.748992890119553,0.978290960972081,0.496,"Natural"
0.9814692735672,0.976643154331514,0.45,"Natural"
0.977140869945288,0.993201279778714,0.628,"Natural"
0.109345495700836,0.000511115415076646,0.458,"Drowsy"
0.999308197177015,0.374003196100259,0.468,"Drowsy"
0.00536304712295532,0.503250716599106,0.494,"Drowsy"
0.988809043541551,0.988500614789366,0.484,"Drowsy"
0.461390912532806,0.544662354609792,0.454,"Drowsy"
0.999829371590749,0.999869392142825,0.51,"Natural"
0.0107589364051819,0.0156463263541966,0.424,"Drowsy"
0.910311050713062,0.994239121436858,0.57,"Natural"
0.348354458808899,0.479653370418055,0.418,"Drowsy"
0.999668588396162,0.999863332420855,0.508,"Natural"
0.999589030398056,0.999856368587209,0.542,"Natural"
0.331514537334442,0.279982648052922,0.462,"Drowsy"
0.518269181251526,0.0847780944443799,0.456,"Drowsy"
0.150086045265198,0.806212159072039,0.476,"Drowsy"
0.999828547021025,0.999427054530279,0.546,"Natural"
0.99956519814441,0.999837468569505,0.53,"Natural"
0.999672906909836,0.999893451464233,0.478,"Natural"
0.983678806573153,0.983220675380596,0.672,"Natural"
0.996488500153646,0.998538860386333,0.638,"Natural"
0.95048638060689,0.997712270688668,0.548,"Natural"
0.997405015164986,0.991844510035352,0.59,"Natural"
0.80108779668808,0.713293827925605,0.452,"Drowsy"
0.0447390079498291,0.0282115388573125,0.428,"Drowsy"
0.997883500996977,0.994214938607348,0.496,"Natural"
0.00348341464996338,0.0102440995078438,0.462,"Drowsy"
0.043456494808197,0.0216459668481548,0.544,"Drowsy"
0.996173722902313,0.997720640859466,0.598,"Natural"
0.00971430540084839,0.145916702324326,0.47,"Drowsy"
0.801426902413368,0.999921270414182,0.604,"Natural"
0.005584716796875,0.203028115171338,0.45,"Drowsy"
0.49112856388092,0.0207090761191816,0.418,"Drowsy"
0.326816439628601,0.316605773490626,0.438,"Drowsy"
0.25808310508728,0.519360829960505,0.382,"Drowsy"
0.0730353593826294,0.0207501672641773,0.458,"Drowsy"
0.943600185215473,0.998536197955987,0.572,"Natural"
0.995016860309988,0.986974266940035,0.63,"Natural"
0.990801613777876,0.971161221236605,0.634,"Natural"
0.135541558265686,0.235080448721554,0.464,"Drowsy"
0.994586338754743,0.996855064563992,0.688,"Natural"
0.993290822952986,0.987325145234971,0.504,"Natural"
0.988493157550693,0.983993906235398,0.71,"Natural"
0.537508696317673,0.479771484444217,0.416,"Drowsy"
0.828190445899963,0.459898951001103,0.424,"Drowsy"
0.00753945112228394,0.203706070058889,0.434,"Drowsy"
0.984211675822735,0.999953227074145,0.516,"Natural"
0.993380629457533,0.996747757452356,0.594,"Natural"
0.997902111615986,0.999217176815637,0.604,"Natural"
0.365236759185791,0.899414413569499,0.462,"Drowsy"
0.0226247906684875,0.0589416055965575,0.436,"Drowsy"
0.419132828712463,0.194898590439103,0.402,"Drowsy"
0.0115504264831543,0.205410149535374,0.444,"Drowsy"
0.242098331451416,0.198631662339892,0.452,"Drowsy"
0.00625723600387573,0.158021973149497,0.458,"Drowsy"
0.998048207489774,0.983328305450763,0.648,"Natural"
0.207381427288055,0.402744018281301,0.41,"Drowsy"
0.598529547452927,0.904387874854335,0.522,"Natural"
0.0382668375968933,0.285473496783096,0.384,"Drowsy"
0.995666858740151,0.997967952413964,0.588,"Natural"
0.81939072906971,0.977007843822782,0.48,"Drowsy"
0.930715076625347,0.975349798854877,0.466,"Natural"
0.009174644947052,0.00476534959113006,0.482,"Drowsy"
0.994773087557405,0.999268685000561,0.548,"Natural"
0.988886060193181,0.997559533342641,0.65,"Natural"
0.746767163276672,0.990410036945057,0.51,"Natural"
0.965456578880548,0.987039530750924,0.484,"Natural"
0.999614584317897,0.999897161034669,0.538,"Natural"
0.991870552301407,0.984877414771126,0.666,"Natural"
0.354741215705872,0.106490113820689,0.384,"Drowsy"
0.979388074949384,0.992405126585935,0.594,"Natural"
0.958991393446922,0.94926804162202,0.498,"Natural"
0.0266916155815125,0.00759206904591225,0.526,"Drowsy"
0.0400423407554626,0.0137665115115035,0.53,"Drowsy"
0.0270536541938782,0.0103451679215147,0.452,"Drowsy"
0.967546541243792,0.98342247494078,0.674,"Natural"
0.892363384366035,0.959639688468176,0.522,"Natural"
0.999706608155975,0.999648892805259,0.502,"Natural"
0.0477778315544128,0.200824169165117,0.474,"Drowsy"
0.98560608830303,0.989701282833801,0.586,"Natural"
0.975385645404458,0.994310908747121,0.59,"Natural"
0.521695137023926,0.134937091544999,0.46,"Drowsy"
0.151504456996918,0.608157980546428,0.472,"Drowsy"
0.995465947780758,0.981251753248469,0.608,"Natural"
0.499096751213074,0.777707539513445,0.424,"Drowsy"
0.984007768332958,0.999320586089009,0.53,"Natural"
0.117228209972382,0.461091595906733,0.414,"Drowsy"
0.999645049014362,0.999862689341381,0.514,"Natural"
0.994697076268494,0.999004920622816,0.67,"Natural"
0.96030992269516,0.999313409241191,0.516,"Natural"
0.0370685458183289,0.156254555414206,0.472,"Drowsy"
0.0671809911727905,0.486595518228652,0.424,"Drowsy"
0.999653426377336,0.999822794314701,0.532,"Natural"
0.992516668047756,0.971887769486446,0.646,"Natural"
0.00296521186828613,0.00469728460532548,0.442,"Drowsy"
0.068499743938446,0.0101516386300265,0.414,"Drowsy"
0.970253456383944,0.985382163233101,0.464,"Natural"
0.987581051886082,0.994634221508374,0.574,"Natural"
0.999715643934906,0.999935173861298,0.514,"Natural"
0.573607623577118,0.366713366867585,0.43,"Drowsy"
0.976150617003441,0.995118437882967,0.662,"Natural"
0.0272031426429749,0.326803980854437,0.464,"Drowsy"
0.99926729942672,0.999914325972195,0.542,"Natural"
0.991456335410476,0.995235947122599,0.654,"Natural"
0.997336496831849,0.993885808624159,0.576,"Natural"
0.970430022105575,0.979257570842841,0.5,"Natural"
0.937796358019114,0.980155438322685,0.484,"Natural"
0.106385469436646,0.201462790996842,0.4,"Drowsy"
0.654087722301483,0.805827272688667,0.388,"Drowsy"
0.998465948505327,0.99792474870452,0.6,"Natural"
0.993546655867249,0.991938408318985,0.606,"Natural"
0.197935342788696,0.00308081534783111,0.45,"Drowsy"
0.390011966228485,0.826048782954736,0.488,"Drowsy"
0.0639356374740601,0.473237066841728,0.482,"Drowsy"
0.993107731919736,0.998686280197494,0.628,"Natural"
0.13963121175766,0.605960099181393,0.468,"Drowsy"
0.212408840656281,0.0738593798828836,0.526,"Drowsy"
0.214954435825348,0.953538998682278,0.52,"Drowsy"
0.964771185070276,0.990187849656492,0.432,"Natural"
0.999671020807,0.999895683939243,0.56,"Natural"
0.999793695591507,0.999899634239201,0.518,"Natural"
0.999399026739411,0.999697257377968,0.556,"Natural"
0.0262616276741028,0.154922313293276,0.476,"Drowsy"
0.923477470874786,0.995144078652907,0.576,"Natural"
0.995957484468818,0.994771853004478,0.562,"Natural"
0.00124549865722656,0.00320156680484784,0.514,"Drowsy"
0.933927848935127,0.755295586185775,0.446,"Drowsy"
0.992502838838845,0.982312786112512,0.664,"Natural"
0.0109625458717346,0.317454497708812,0.448,"Drowsy"
0.00571918487548828,0.112233098037463,0.452,"Drowsy"
0.584465265274048,0.585523779064447,0.402,"Drowsy"
0.995615932159126,0.997971691033932,0.624,"Natural"
0.0944631695747375,0.950960566723496,0.488,"Drowsy"
0.946123089641333,0.973389959142066,0.474,"Natural"
0.30188262462616,0.299849122918661,0.43,"Drowsy"
0.998239355045371,0.999108052300357,0.536,"Natural"
0.99974830498104,0.999845804599059,0.54,"Natural"
0.989465586841106,0.9997164316443,0.514,"Natural"
0.0498130917549133,0.297939713308018,0.368,"Drowsy"
0.976604674011469,0.999323125387219,0.536,"Natural"
0.660140872001648,0.502699304475265,0.42,"Drowsy"
0.986390166915953,0.989162464470787,0.624,"Natural"
0.176720499992371,0.286445774578679,0.422,"Drowsy"
0.969733925536275,0.0494399123871996,0.414,"Drowsy"
0.98542781919241,0.99820338211754,0.544,"Natural"
0.974476667121053,0.996506363570426,0.516,"Natural"
0.798478931188583,0.404986860887026,0.402,"Drowsy"
0.981946516782045,0.971517501157842,0.528,"Drowsy"
0.999700359359849,0.999884949312362,0.56,"Natural"
0.064201295375824,0.177924358937626,0.422,"Drowsy"
0.0802205801010132,0.839693357608907,0.454,"Drowsy"
0.013828456401825,0.00340911263188748,0.4,"Drowsy"
0.999526557250647,0.999896527277758,0.51,"Natural"
0.996173955732957,0.0857181288183329,0.406,"Drowsy"
0.0183682441711426,0.00198345052863191,0.466,"Drowsy"
0.137966692447662,0.0486827203211169,0.398,"Drowsy"
0.544637501239777,0.591757165903302,0.38,"Drowsy"
0.966900214552879,0.980967191645055,0.472,"Natural"
0.99993113718665,0.999772030216648,0.474,"Natural"
0.740729033946991,0.670365361111672,0.44,"Drowsy"
0.989241197705269,0.99921915778389,0.642,"Natural"
0.086645781993866,0.345077074230886,0.36,"Drowsy"
0.996450966456905,0.969147223000418,0.674,"Natural"
0.975629990920424,0.973851135372008,0.506,"Natural"
0.998544224654324,0.987393490704085,0.49,"Natural"
0.147273361682892,0.949417948012615,0.482,"Drowsy"
0.996345366118476,0.998648600992519,0.674,"Natural"
0.0226926803588867,0.033858891502392,0.494,"Drowsy"
0.0724852085113525,0.178718921728777,0.446,"Drowsy"
0.228950679302216,0.521803596379561,0.476,"Drowsy"
0.125578939914703,0.582956350509733,0.474,"Drowsy"
0.850343644618988,0.953641233038592,0.47,"Natural"
0.168535053730011,0.0224829849180179,0.454,"Drowsy"
0.999841761411517,0.999577436287292,0.512,"Natural"
0.0750710368156433,0.105626723199503,0.45,"Drowsy"
0.0168713927268982,0.0122555742623596,0.454,"Drowsy"
0.110630869865417,0.0794034678857351,0.424,"Drowsy"
0.945365983992815,0.960909932847026,0.506,"Natural"
0.0297398567199707,0.215263760671757,0.448,"Drowsy"
0.215893447399139,0.30839084196756,0.51,"Drowsy"
0.96589383482933,0.932894298573565,0.456,"Drowsy"
0.960778255015612,0.96306303464786,0.46,"Natural"
0.446130573749542,0.370735483358376,0.402,"Drowsy"
0.973856136202812,0.992130622770693,0.458,"Natural"
0.327113687992096,0.702035230359876,0.474,"Drowsy"
0.444263815879822,0.512432234856444,0.392,"Drowsy"
0.999750533286715,0.999869848715363,0.54,"Natural"
0.997480353806168,0.972961770615708,0.648,"Natural"
0.99975216697203,0.99962193602902,0.538,"Natural"
0.999707687820774,0.999878826350154,0.5,"Natural"
0.997730048606172,0.999965819864571,0.568,"Natural"
0.999720375897596,0.999873277189039,0.474,"Natural"
0.983284274116158,0.994318898870674,0.63,"Natural"
0.0280706882476807,0.525631393458468,0.478,"Drowsy"
0.99978910307982,0.999892231261828,0.522,"Natural"
0.97952932305634,0.987499179391441,0.506,"Natural"
0.993301609065384,0.998710277275633,0.648,"Natural"
0.99737464892678,0.997088775642998,0.66,"Natural"
0.727814853191376,0.902450442073629,0.358,"Drowsy"
0.965088929980993,0.948361036424427,0.468,"Natural"
0.997717447811738,0.319084518666415,0.446,"Drowsy"
0.986572339199483,0.987429265298119,0.646,"Natural"
6.22272491455078e-05,0.000364256550425379,0.476,"Drowsy"
0.908839866518974,0.0610116526689138,0.402,"Drowsy"
0.00141537189483643,0.012414948271939,0.542,"Drowsy"
0.0172423720359802,0.0808992842700586,0.53,"Drowsy"
0.660970062017441,0.29789768201999,0.476,"Drowsy"
0.0477205514907837,0.0112264420548769,0.448,"Drowsy"
0.995849195867777,0.993868304310098,0.49,"Drowsy"
0.971668805927038,0.989803065700341,0.592,"Natural"
0.905638083815575,0.997327546145944,0.432,"Drowsy"
0.739718109369278,0.935866539383829,0.494,"Natural"
0.999226054758765,0.999901691477964,0.55,"Natural"
0.999873975655646,0.999839900839353,0.486,"Natural"
0.986400922760367,0.994435119572383,0.65,"Natural"
0.997663892805576,0.999953221068246,0.534,"Natural"
0.996530251111835,0.999846974761985,0.516,"Natural"
0.157911717891693,0.0464549676531687,0.37,"Drowsy"
0.00302469730377197,0.0340847526215884,0.462,"Drowsy"
0.993109967093915,0.982731445620235,0.492,"Natural"
0.275044679641724,0.375064273057412,0.414,"Drowsy"
0.993701186496764,0.984690729000238,0.66,"Natural"
0.996189392637461,0.998480361983948,0.64,"Natural"
0.142924726009369,0.734835269308012,0.416,"Drowsy"
0.99479785002768,0.992176918733458,0.6,"Natural"
0.996069834101945,0.99204864303005,0.454,"Drowsy"
0.659901529550552,0.0216761560447903,0.456,"Drowsy"
0.800012275576591,0.992655110575815,0.488,"Natural"
0.120187819004059,0.130212875822901,0.432,"Drowsy"
0.851625561714172,0.961613025106614,0.432,"Natural"
0.0214704275131226,0.163261450315473,0.436,"Drowsy"
0.999557559989626,0.999839259029703,0.516,"Natural"
0.997289871098474,0.999316591667723,0.642,"Natural"
0.483367383480072,0.0844697594142756,0.47,"Drowsy"
0.99788328865543,0.984505331829601,0.64,"Natural"
0.999734576704213,0.999826852508204,0.482,"Natural"
0.136418998241425,0.265187690143295,0.458,"Drowsy"
0.998450244660489,0.982055309504648,0.658,"Natural"
0.490070343017578,0.0599779519353784,0.474,"Drowsy"
0.280079066753387,0.34801997304178,0.456,"Drowsy"
0.00816994905471802,0.00302823325091361,0.468,"Drowsy"
0.0925499796867371,0.130252986668497,0.558,"Drowsy"
0.999827405903488,0.999882020334322,0.54,"Natural"
0.357932388782501,0.1669513647839,0.448,"Drowsy"
0.999819561795448,0.999369955157072,0.552,"Natural"
0.335002958774567,0.339367999558,0.45,"Drowsy"
0.638948947191238,0.665453896630804,0.42,"Drowsy"
0.29741245508194,0.123193292652102,0.43,"Drowsy"
0.999729121336713,0.99990573389705,0.526,"Natural"
0.523173958063126,0.432912733244426,0.392,"Drowsy"
0.974435772746801,0.908037204080747,0.488,"Natural"
0.986287446692586,0.999285212566814,0.544,"Natural"
0.943223863840103,0.993747277954887,0.458,"Natural"
0.980393830686808,0.982473638289996,0.646,"Natural"
0.295080482959747,0.944282045564231,0.502,"Drowsy"
0.952243834733963,0.996376617017714,0.652,"Natural"
0.87159863114357,0.987108265339757,0.464,"Natural"
0.997149928007275,0.988148751860896,0.634,"Natural"
0.981086069718003,0.996254498035758,0.6,"Natural"
0.00419920682907104,0.00366972404861554,0.46,"Drowsy"
0.807623267173767,0.942516552093781,0.488,"Drowsy"
0.998169547063299,0.0748736668852197,0.454,"Drowsy"
0.937522538006306,0.999507932356386,0.53,"Natural"
0.968982150778174,0.983344616848249,0.668,"Natural"
0.0118671059608459,0.0123329292947231,0.472,"Drowsy"
0.98300981707871,0.987994000490173,0.594,"Natural"
0.496927917003632,0.19084383170273,0.462,"Drowsy"
0.999848165301955,0.9998499450982,0.54,"Natural"
0.129197835922241,0.942286057085946,0.522,"Drowsy"
0.999861645686906,0.999809544647388,0.512,"Natural"
0.987464710138738,0.996586789844103,0.592,"Natural"
0.953351624310017,0.983995157314367,0.492,"Natural"
0.017467737197876,0.0171383707485523,0.466,"Drowsy"
0.997682459419593,0.984337508171042,0.666,"Natural"
0.309302628040314,0.0397296246899661,0.408,"Drowsy"
0.995443931780756,0.984116888230751,0.528,"Natural"
0.995375934522599,0.975472214426647,0.678,"Natural"
0.418536365032196,0.163716198385798,0.436,"Drowsy"
0.357075929641724,0.171014686525656,0.436,"Drowsy"
0.000512361526489258,0.00112484469601903,0.43,"Drowsy"
0.0550007820129395,0.000138407131384244,0.476,"Drowsy"
0.986595898866653,0.985489871232519,0.662,"Natural"
0.0303016901016235,0.00358965153908863,0.46,"Drowsy"
0.99779348494485,0.981483532428955,0.494,"Natural"
0.844437584280968,0.981606281375469,0.544,"Natural"
0.999952885249513,0.998356317317694,0.51,"Natural"
0.998788250377402,0.994535544491121,0.61,"Natural"
0.845926016569138,0.850641906197581,0.464,"Natural"
0.195852339267731,0.480693201885952,0.446,"Drowsy"
0.0498836040496826,0.0200813492301631,0.532,"Drowsy"
0.984803232364357,0.957003236435374,0.498,"Natural"
0.777801692485809,0.949660649701893,0.436,"Drowsy"
0.0260162949562073,0.537895607109174,0.544,"Drowsy"
0.164043664932251,0.0461668549764234,0.404,"Drowsy"
0.0600728988647461,0.0632060605087108,0.418,"Drowsy"
0.80381053686142,0.750921584702171,0.43,"Drowsy"
0.0586285591125488,0.169622122431254,0.456,"Drowsy"
0.963405448943377,0.996076607408491,0.61,"Natural"
0.999563396646408,0.999883436627995,0.514,"Natural"
0.988357276655734,0.0859966222418131,0.444,"Drowsy"
0.102833449840546,0.529860998498009,0.468,"Drowsy"
0.948940645903349,0.965986658654411,0.466,"Natural"
0.00647580623626709,0.0146775672951711,0.468,"Drowsy"
0.984622469171882,0.994941891400042,0.57,"Natural"
0.00396710634231567,0.221130833019386,0.474,"Drowsy"
0.999733985139756,0.999844747167933,0.528,"Natural"
0.46117091178894,0.48913206291689,0.416,"Drowsy"
0.999786049447721,0.99993324220945,0.538,"Natural"
0.980136519297957,0.99552312943214,0.552,"Natural"
0.988189038820565,0.998071703584008,0.672,"Natural"
0.985809595324099,0.979827490804453,0.642,"Natural"
0.404368102550507,0.417637997406663,0.436,"Drowsy"
0.962629154324532,0.983427075094781,0.67,"Natural"
0.996800281340256,0.995324289173051,0.574,"Natural"
0.997310797451064,0.997953237127538,0.69,"Natural"
0.0914052128791809,0.0360441714841059,0.468,"Drowsy"
0.258473217487335,0.215994672442277,0.394,"Drowsy"
0.960980072617531,0.989504022379749,0.462,"Natural"
0.979318737983704,0.973171343913998,0.5,"Natural"
0.989936069585383,0.978951473583697,0.686,"Natural"
0.851953446865082,0.998515641224333,0.528,"Natural"
0.999788775050547,0.999932792220588,0.516,"Natural"
0.989066137932241,0.253772102291208,0.506,"Drowsy"
0.0191901326179504,0.0972291972695798,0.392,"Drowsy"
0.69187992811203,0.914873891034516,0.512,"Drowsy"
0.972556691616774,0.991159369864668,0.55,"Natural"
0.999827153922524,0.999865624825844,0.518,"Natural"
0.591267764568329,0.459235704484341,0.444,"Drowsy"
0.915880531072617,0.995384974210884,0.53,"Natural"
0.994590057991445,0.998585239321606,0.606,"Natural"
0.987967869266868,0.995797372378555,0.55,"Natural"
0.185929358005524,0.236533837029654,0.494,"Drowsy"
0.0326208472251892,0.219740020993837,0.466,"Drowsy"
0.037156343460083,0.407561100035777,0.448,"Drowsy"
0.999881420597376,0.999907724310816,0.54,"Natural"
0.925121702253819,0.996106468088215,0.594,"Natural"
0.91431774944067,0.998234006758205,0.6,"Natural"
0.101378619670868,0.213003757828218,0.424,"Drowsy"
0.310452938079834,0.0316873952741983,0.386,"Drowsy"
0.294570088386536,0.107631134789538,0.478,"Drowsy"
0.170072436332703,0.908406375401218,0.54,"Drowsy"
0.00174194574356079,0.00933557765386883,0.44,"Drowsy"
0.0289527773857117,0.16000048122376,0.49,"Drowsy"
0.348360002040863,0.841869342766616,0.46,"Drowsy"
0.0524834990501404,0.105137752753199,0.476,"Drowsy"
0.80811470746994,0.998402579245541,0.588,"Natural"
0.306806921958923,0.010138509639836,0.372,"Drowsy"
0.275276184082031,0.0907385295785301,0.414,"Drowsy"
0.0205415487289429,0.166423252798932,0.462,"Drowsy"
0.422257006168365,0.454152061175164,0.42,"Drowsy"
0.372094392776489,0.964980358157908,0.51,"Drowsy"
0.997372680576518,0.990291640550645,0.518,"Natural"
0.997769368812442,0.994531312746602,0.51,"Drowsy"
0.937061093747616,0.993011332123943,0.57,"Natural"
0.492985486984253,0.236699608556322,0.432,"Drowsy"
0.0363929271697998,0.17398438490794,0.434,"Drowsy"
0.995088142808527,0.999119523106758,0.622,"Natural"
0.994333808775991,0.981973241041363,0.454,"Natural"
0.0106033086776733,0.258512342382577,0.462,"Drowsy"
0.984959560446441,0.99472312958653,0.678,"Natural"
0.352707207202911,0.211534972776434,0.426,"Drowsy"
0.995693457312882,0.997852352680155,0.67,"Natural"
0.0475707650184631,0.0311126060849145,0.446,"Drowsy"
0.999725798261352,0.999919307601293,0.586,"Natural"
0.999841710101464,0.99981277655215,0.546,"Natural"
0.986867696046829,0.999761297850222,0.556,"Natural"
0.0172381997108459,0.101495907018421,0.436,"Drowsy"
0.994601575657725,0.998749969318154,0.616,"Natural"
0.782705202698708,0.929095194772513,0.432,"Drowsy"
0.00742858648300171,0.0374914298341926,0.54,"Drowsy"
0.933777496218681,0.973240214694593,0.486,"Natural"
0.595680445432663,0.0682793552631988,0.47,"Drowsy"
0.0147292613983154,0.160709065423491,0.458,"Drowsy"
0.998876374564134,0.997118765938634,0.574,"Natural"
0.304510056972504,0.0222199230284197,0.528,"Drowsy"
0.679785341024399,0.197787242320789,0.566,"Drowsy"
0.540424883365631,0.202779383018275,0.432,"Drowsy"
0.184066832065582,0.343182657175709,0.39,"Drowsy"
0.991907027550042,0.978401371673604,0.67,"Natural"
0.947981283068657,0.0534328971027827,0.434,"Drowsy"
0.542685091495514,0.435285041787006,0.414,"Drowsy"
0.999696708400734,0.999883064578122,0.52,"Natural"
0.890207707881927,0.508987328196437,0.414,"Drowsy"
0.99965095098014,0.996840137303024,0.538,"Natural"
0.990836855955422,0.996041755191698,0.692,"Natural"
0.187432885169983,0.952295988509824,0.46,"Drowsy"
0.99124074075371,0.984791125626726,0.684,"Natural"
0.0913475155830383,0.287491938347576,0.446,"Drowsy"
0.973168345168233,0.987609888537905,0.528,"Natural"
0.163195788860321,0.432177060983776,0.392,"Drowsy"
0.0681960582733154,0.510643317496575,0.402,"Drowsy"
0.975846188142896,0.99114504835811,0.55,"Natural"
0.820518374443054,0.326239351449747,0.412,"Drowsy"
0.16924512386322,0.290845756633428,0.446,"Drowsy"
0.0591607689857483,0.24518129043667,0.47,"Drowsy"
0.992774864193052,0.996483915516639,0.576,"Natural"
0.113954246044159,0.184312571479542,0.48,"Drowsy"
0.985447909682989,0.994791615893042,0.606,"Natural"
0.999848093910259,0.999802260722491,0.512,"Natural"
0.364330053329468,0.283956476990884,0.38,"Drowsy"
0.983914529904723,0.998956768084513,0.628,"Natural"
0.991725886240602,0.977593468851617,0.654,"Natural"
0.186935126781464,0.188808139769704,0.424,"Drowsy"
0.993606310803443,0.996679695976531,0.484,"Natural"
0.982168288901448,0.996218674419355,0.724,"Natural"
0.420001208782196,0.368112949789646,0.434,"Drowsy"
0.0472524166107178,0.0656161201530315,0.438,"Drowsy"
0.0176960229873657,0.0409073475351236,0.484,"Drowsy"
0.999807934640558,0.999718494580963,0.486,"Natural"
0.996464933734387,0.985538683783432,0.556,"Natural"
0.0456485748291016,0.550839485981374,0.426,"Drowsy"
0.999748916656245,0.999886487009391,0.558,"Natural"
0.276499271392822,0.176945364781026,0.452,"Drowsy"
0.417058229446411,0.451911988535703,0.444,"Drowsy"
0.961016301065683,0.991494992230188,0.508,"Natural"
0.999580695992336,0.999917974099224,0.564,"Natural"
0.843546733260155,0.893637436532125,0.42,"Drowsy"
0.993547377642244,0.999735922380184,0.456,"Natural"
0.999393867095932,0.999891852335573,0.53,"Natural"
0.999824292128324,0.999864194927852,0.48,"Natural"
0.469613790512085,0.349392995235113,0.42,"Drowsy"
0.783790767192841,0.9792965091894,0.494,"Natural"
0.999451482610311,0.997722353974985,0.58,"Natural"
0.165124893188477,0.0410922227928351,0.428,"Drowsy"
0.992445494513959,0.981633769898931,0.654,"Natural"
0.996283221058547,0.98675284354437,0.654,"Natural"
0.519879251718521,0.0189669063080318,0.434,"Drowsy"
0.998516659601592,0.990233141671469,0.468,"Natural"
0.999767149391118,0.999890145438481,0.52,"Natural"
0.398259162902832,0.80490408944334,0.396,"Drowsy"
0.984565639868379,0.994177488497877,0.464,"Natural"
0.984073949977756,0.977853471133918,0.658,"Natural"
0.983858080580831,0.984614462339645,0.468,"Natural"
0.576304733753204,0.874602218504686,0.518,"Drowsy"
0.999758481819299,0.999631178822408,0.514,"Natural"
0.366882801055908,0.0498255733011981,0.402,"Drowsy"
0.999749683222035,0.999853643036242,0.496,"Natural"
0.986699711531401,0.997887589213973,0.646,"Natural"
0.79042936861515,0.952444636728829,0.51,"Natural"
0.995435099583119,0.999275058276769,0.62,"Natural"
0.984612335450947,0.069442900535165,0.454,"Drowsy"
0.999915269960184,0.999883684155947,0.514,"Natural"
0.998952387832105,0.999825290299296,0.512,"Natural"
0.849065184593201,0.914715986088782,0.51,"Drowsy"
0.9996375250048,0.999877992808991,0.558,"Natural"
0.999761413942906,0.999865829754041,0.508,"Natural"
0.0044100284576416,0.255766348858923,0.442,"Drowsy"
0.130178511142731,0.549240242623196,0.406,"Drowsy"
0.113676607608795,0.000941373362105868,0.42,"Drowsy"
0.13820618391037,0.0784844223658023,0.426,"Drowsy"
0.889089375734329,0.933829224736037,0.488,"Natural"
0.9769700281322,0.960354299238359,0.462,"Natural"
0.00162941217422485,0.0244139468749252,0.458,"Drowsy"
0.980362033471465,0.994579300636156,0.688,"Natural"
0.0552167296409607,0.707470730616898,0.438,"Drowsy"
0.981515912339091,0.999077967410994,0.546,"Natural"
0.997338455868885,0.999811646105174,0.446,"Natural"
0.294971406459808,0.152730283516541,0.398,"Drowsy"
0.986323437653482,0.981112497350066,0.512,"Natural"
0.999705266905949,0.999908745008127,0.472,"Natural"
0.999066738237161,0.989638343435307,0.49,"Natural"
0.308504700660706,0.29238759164827,0.458,"Drowsy"
0.999590391933452,0.999812397985926,0.546,"Natural"
0.97081420943141,0.957715999363807,0.452,"Natural"
0.894167453050613,0.968990913671379,0.474,"Drowsy"
0.99942016589921,0.999942376723417,0.53,"Natural"
0.0421492457389832,0.0216216030420672,0.46,"Drowsy"
0.995894332882017,0.99565169922102,0.638,"Natural"
0.998050070716999,0.991240301280062,0.51,"Natural"
0.78954453766346,0.895350054296261,0.4,"Drowsy"
0.927333109080791,0.999438722299629,0.558,"Natural"
0.173226535320282,0.0869807673224023,0.48,"Drowsy"
0.12363189458847,0.0464798935637049,0.382,"Drowsy"
0.993922538124025,0.988117334515289,0.51,"Natural"
0.983876027166843,0.980089200728132,0.68,"Natural"
0.996709594270214,0.987849772027596,0.508,"Natural"
0.98064168356359,0.982123587660962,0.52,"Natural"
0.997549779014662,0.991851327020394,0.524,"Natural"
0.550118654966354,0.171992831762217,0.424,"Drowsy"
0.903769172728062,0.970283106701386,0.494,"Drowsy"
0.080422043800354,0.00821444146387196,0.506,"Drowsy"
0.0183565020561218,0.0595105015895208,0.558,"Drowsy"
0.997385814785957,0.345298726468721,0.464,"Drowsy"
0.00189894437789917,0.0249831383214094,0.424,"Drowsy"
0.999450605129823,0.999831759693238,0.53,"Natural"
0.979852309450507,0.968337442751019,0.54,"Drowsy"
0.977199615910649,0.0419808891913023,0.468,"Drowsy"
0.113302946090698,0.101525144399773,0.468,"Drowsy"
0.999816390583874,0.999816616684661,0.47,"Natural"
0.949919112026691,0.994609856386632,0.524,"Natural"
0.858632892370224,0.968439428548535,0.466,"Drowsy"
0.00524073839187622,0.000211786177459206,0.418,"Drowsy"
0.00513148307800293,0.00912336325002461,0.4,"Drowsy"
0.306879341602325,0.33713736425616,0.434,"Drowsy"
0.999879749033425,0.999802788913344,0.554,"Natural"
0.999866436788579,0.999771349623962,0.5,"Natural"
0.830180302262306,0.912855258428332,0.392,"Drowsy"
0.677254945039749,0.469142091016601,0.418,"Drowsy"
0.999759990227176,0.999819813481816,0.53,"Natural"
0.971157189458609,0.985167927076294,0.46,"Natural"
0.999745716835605,0.999858467980379,0.49,"Natural"
0.386031210422516,0.00537189452608888,0.508,"Drowsy"
0.520720213651657,0.330996024412824,0.418,"Drowsy"
0.922611527144909,0.963593608019748,0.452,"Natural"
0.999626966542564,0.9997427034405,0.52,"Natural"
0.00721198320388794,0.522228321950752,0.488,"Drowsy"
0.999916252141702,0.999188710196988,0.498,"Natural"
0.999673449987313,0.999794534658125,0.528,"Natural"
0.444323062896729,0.0653502195726186,0.434,"Drowsy"
0.00266498327255249,0.108488638920289,0.462,"Drowsy"
0.993532037828118,0.998861565965324,0.656,"Natural"
0.0172423720359802,0.0801348449389817,0.534,"Drowsy"
0.257045805454254,0.626910541112899,0.362,"Drowsy"
0.210343062877655,0.24420325103493,0.43,"Drowsy"
0.998567245784216,0.994381260095636,0.596,"Natural"
0.939871437847614,0.988912116871018,0.482,"Natural"
0.944208152592182,0.999598308030079,0.578,"Natural"
0.639921844005585,0.211648306257034,0.488,"Drowsy"
0.997806412167847,0.999723491307288,0.544,"Natural"
0.997043823590502,0.97267332462269,0.674,"Natural"
0.97716298699379,0.974635378186986,0.444,"Natural"
0.48150759935379,0.417048809249613,0.412,"Drowsy"
0.899247750639915,0.947755279053599,0.488,"Natural"
0.958979867398739,0.957061118162232,0.47,"Natural"
0.999517901946092,0.997483789146783,0.624,"Natural"
0.614028602838516,0.960763680099569,0.498,"Drowsy"
0.826214477419853,0.954080966950822,0.48,"Natural"
0.999693518853746,0.999870772147318,0.536,"Natural"
0.0655585527420044,0.401868158536744,0.464,"Drowsy"
0.993912546895444,0.998588284920637,0.654,"Natural"
0.168903291225433,0.96600701574267,0.512,"Drowsy"
0.0636622309684753,0.0731518390900899,0.46,"Drowsy"
0.506820291280746,0.0544590388351441,0.414,"Drowsy"
0.999745038308902,0.999811348441483,0.55,"Natural"
0.897945769131184,0.962928874495787,0.478,"Natural"
0.982712343335152,0.994220224354368,0.546,"Natural"
0.106514930725098,0.946587138462566,0.474,"Drowsy"
0.00767695903778076,0.00375892335269912,0.46,"Drowsy"
0.991921595297754,0.999916229867404,0.468,"Natural"
0.996792713645846,0.994746719425497,0.622,"Natural"
0.00719976425170898,0.0414537902770679,0.458,"Drowsy"
0.999792669972521,0.999882995945735,0.494,"Natural"
0.025290846824646,0.00673113399409531,0.478,"Drowsy"
0.174791395664215,0.106129839979855,0.44,"Drowsy"
0.0165188908576965,0.295590957436098,0.436,"Drowsy"
0.15086156129837,0.433824925176999,0.368,"Drowsy"
0.999707954964833,0.999885831856675,0.52,"Natural"
0.00418299436569214,0.00944436812934379,0.482,"Drowsy"
0.986414789222181,0.984210720303752,0.68,"Natural"
0.979822441935539,0.999017347858424,0.51,"Drowsy"
0.346118271350861,0.246556597313635,0.386,"Drowsy"
0.0197163224220276,0.00368482653489077,0.44,"Drowsy"
0.0614661574363708,0.0883085955453868,0.466,"Drowsy"
0.565378993749619,0.999934422851641,0.588,"Natural"
0.965050641447306,0.99158851250383,0.494,"Natural"
0.995548855047673,0.999600685740705,0.508,"Natural"
0.968237403780222,0.989551608381179,0.494,"Natural"
0.000883281230926514,0.0025346467203996,0.536,"Drowsy"
0.703654915094376,0.424078063699377,0.494,"Drowsy"
0.0016864538192749,0.0227959372212346,0.484,"Drowsy"
0.987196920439601,0.985158290207891,0.642,"Natural"
0.942566484212875,0.998597595369446,0.488,"Natural"
0.16221809387207,0.27283444167975,0.528,"Drowsy"
0.996391064953059,0.99853264643931,0.646,"Natural"
0.277287840843201,0.113458897534105,0.43,"Drowsy"
0.088287353515625,0.548556321366012,0.414,"Drowsy"
0.104429125785828,0.399216760331218,0.43,"Drowsy"
0.880172848701477,0.95219906897873,0.42,"Natural"
0.999676058330806,0.999921389200717,0.502,"Natural"
0.0108433961868286,0.00323023383346466,0.488,"Drowsy"
0.208108484745026,0.180946110980974,0.384,"Drowsy"
0.999235117458738,0.995709364025104,0.518,"Natural"
0.940536439418793,0.955308677483609,0.434,"Drowsy"
0.99984081814182,0.999786202863211,0.532,"Natural"
0.999133262841497,0.999892490345984,0.49,"Natural"
0.914908766746521,0.994247650987828,0.606,"Natural"
0.645086050033569,0.999946567808309,0.612,"Natural"
0.999705616821302,0.999851226267556,0.602,"Natural"
0.010069727897644,0.177150038816065,0.474,"Drowsy"
0.991430162452161,0.99455073316281,0.576,"Natural"
0.36405211687088,0.0270208495293326,0.46,"Drowsy"
0.706712752580643,0.0216905470014244,0.448,"Drowsy"
0.999743555556051,0.999849840579031,0.524,"Natural"
0.447393894195557,0.764123428734039,0.376,"Drowsy"
0.00219088792800903,0.201446976766824,0.452,"Drowsy"
0.998803315567784,0.993230553203606,0.53,"Natural"
0.999759738391731,0.999843251478095,0.518,"Natural"
0.922402501106262,0.969053208198352,0.502,"Drowsy"
0.267777025699615,0.188544159709628,0.434,"Drowsy"
0.9909324683249,0.999677534855885,0.59,"Natural"
0.330346465110779,0.0512811297743252,0.492,"Drowsy"
0.964039448648691,0.995443766074377,0.606,"Natural"
0.989630248397589,0.997359264028931,0.698,"Natural"
0.797517612576485,0.999941753804045,0.574,"Natural"
0.979914363473654,0.998444894968332,0.652,"Natural"
0.0109686255455017,0.169043431485255,0.422,"Drowsy"
0.0687786936759949,0.00790285427822979,0.474,"Drowsy"
0.992264703381807,0.994421740971988,0.646,"Natural"
0.995783016551286,0.110418658434734,0.446,"Drowsy"
0.998361992416903,0.996486273978899,0.628,"Natural"
0.999551590823103,0.999907989185988,0.466,"Natural"
0.998795122723095,0.992313721092081,0.652,"Natural"
0.389390408992767,0.180824415684905,0.466,"Drowsy"
0.319709479808807,0.0338217967922758,0.406,"Drowsy"
0.997186462860554,0.992589713934786,0.644,"Natural"
0.935347683727741,0.999765642757425,0.546,"Natural"
0.986292746849358,0.0924878998968454,0.462,"Drowsy"
0.999713787605288,0.999891147553544,0.57,"Natural"
0.00275886058807373,0.00183340232903806,0.516,"Drowsy"
0.00624734163284302,0.0901171732015138,0.378,"Drowsy"
0.959463246166706,0.999629792284988,0.512,"Natural"
0.224434018135071,0.0468069231549102,0.416,"Drowsy"
0.948535241186619,0.974774183694286,0.492,"Natural"
0.149473190307617,0.77979352076498,0.454,"Drowsy"
0.9184335693717,0.993130564202253,0.478,"Natural"
0.636447101831436,0.433909365341017,0.414,"Drowsy"
0.994242966640741,0.990684905418006,0.554,"Natural"
0.0256856083869934,0.101104574534278,0.454,"Drowsy"
0.980431113392115,0.991195447765701,0.442,"Natural"
0.992992512416095,0.979874449574549,0.604,"Natural"
0.996183240320534,0.998490437540629,0.626,"Natural"
0.0482582449913025,0.0270321233600272,0.524,"Drowsy"
0.0704061985015869,0.838866462937153,0.438,"Drowsy"
0.0127362608909607,0.157863845410726,0.432,"Drowsy"
0.153720915317535,0.0291206404937445,0.426,"Drowsy"
0.999675651051803,0.99987192277835,0.492,"Natural"
0.0525255799293518,0.576999584574256,0.396,"Drowsy"
0.99328105058521,0.974725381700848,0.682,"Natural"
0.999759563987027,0.999744282092604,0.57,"Natural"
0.999580964329652,0.999880068750826,0.52,"Natural"
0.822931438684464,0.56823325534072,0.432,"Drowsy"
0.992338734213263,0.999643552159613,0.498,"Natural"
0.997198496479541,0.98482962984168,0.706,"Natural"
0.998746539698914,0.991453313212914,0.472,"Natural"
0.984834643080831,0.999799097953255,0.512,"Natural"
0.939435537904501,0.939842341261596,0.498,"Natural"
0.107066333293915,0.00557087258920863,0.482,"Drowsy"
0.999393821170088,0.383771055627627,0.446,"Drowsy"
0.177499771118164,0.0782665001034473,0.478,"Drowsy"
0.881089471280575,0.974035361037561,0.472,"Drowsy"
0.96608192846179,0.997867609828448,0.528,"Natural"
0.999511146452278,0.99984620988734,0.534,"Natural"
0.997976024169475,0.972819704383703,0.504,"Natural"
0.955723743885756,0.973209974165148,0.48,"Natural"
0.994523531291634,0.981474813836637,0.442,"Natural"
0.161734879016876,0.946343496633972,0.494,"Drowsy"
0.0286220908164978,0.159529421468565,0.47,"Drowsy"
0.922031842172146,0.999176316702203,0.524,"Natural"
0.999737227073638,0.999912762610063,0.538,"Natural"
0.525269955396652,0.0595801490686511,0.464,"Drowsy"
0.999816662966623,0.999065145940052,0.5,"Natural"
0.00118911266326904,0.0145999468785908,0.456,"Drowsy"
0.458178102970123,0.938023949743336,0.45,"Drowsy"
0.973777947947383,0.961892879291755,0.464,"Natural"
0.718290746212006,0.426587785354392,0.514,"Drowsy"
0.99984074603708,0.999874610250152,0.54,"Natural"
0.423993587493896,0.320522369485704,0.506,"Drowsy"
0.999759245140012,0.999859950250857,0.53,"Natural"
0.345639050006866,0.109783327863393,0.466,"Drowsy"
0.996291915653273,0.993321213535605,0.438,"Natural"
0.10849267244339,0.552267604700126,0.458,"Drowsy"
0.00255501270294189,0.158001528577851,0.42,"Drowsy"
0.775335267186165,0.997669041173793,0.524,"Natural"
0.00347453355789185,0.0204227100459513,0.476,"Drowsy"
0.998530569020659,0.999386864001105,0.536,"Natural"
0.472502768039703,0.0271839887374853,0.47,"Drowsy"
0.918971531093121,0.993598115406695,0.486,"Natural"
0.492863893508911,0.194844638935151,0.478,"Drowsy"
0.954453997313976,0.979552442757237,0.454,"Natural"
0.845540061593056,0.961638508762188,0.468,"Natural"
0.881638713181019,0.99140697824589,0.462,"Natural"
0.734261095523834,0.454610457766842,0.48,"Drowsy"
0.469891667366028,0.804591748785911,0.386,"Drowsy"
0.999127367278561,0.978403714686186,0.47,"Natural"
0.00102734565734863,0.00245101952834637,0.422,"Drowsy"
0.217826008796692,0.0413973325812602,0.438,"Drowsy"
0.986430928111076,0.961107383625219,0.482,"Natural"
0.999252889654599,0.981772111416395,0.474,"Natural"
0.998997718212195,0.999881520623959,0.496,"Natural"
0.970340752974153,0.970180183603357,0.644,"Natural"
0.011665940284729,0.00304439543847068,0.45,"Drowsy"
0.902854599058628,0.94754017061813,0.438,"Drowsy"
0.999806348612765,0.999875531011994,0.55,"Natural"
0.415911257266998,0.88288306026266,0.414,"Drowsy"
0.999702578526922,0.999815362787114,0.556,"Natural"
0.209851682186127,0.584757019095894,0.408,"Drowsy"
0.306164860725403,0.00474381737801111,0.458,"Drowsy"
0.482647120952606,0.587721579793664,0.412,"Drowsy"
0.140491425991058,0.193456480866208,0.466,"Drowsy"
0.0171284675598145,0.234594628292092,0.446,"Drowsy"
0.999770593931316,0.999802792597288,0.494,"Natural"
0.974689789116383,0.999680432659298,0.502,"Natural"
0.89965882897377,0.772712384727365,0.422,"Drowsy"
0.780892729759216,0.0557689743309521,0.458,"Drowsy"
0.976710479706526,0.994740197214993,0.596,"Natural"
0.992652048822492,0.0582720374510933,0.482,"Drowsy"
0.0278289914131165,0.163478812177617,0.428,"Drowsy"
0.373299777507782,0.798549453402758,0.432,"Drowsy"
0.996835707454011,0.995395799030033,0.61,"Natural"
0.462885439395905,0.955796678009927,0.45,"Drowsy"
0.99959381253575,0.999899729355625,0.556,"Natural"
0.917162887752056,0.981986805868472,0.472,"Natural"
0.99984680673515,0.999864111733214,0.582,"Natural"
0.0103006958961487,0.168708501941781,0.444,"Drowsy"
0.340822577476501,0.565873040550972,0.442,"Drowsy"
0.991788978688419,0.995388919084433,0.642,"Natural"
0.937031656503677,0.999933327886661,0.594,"Natural"
0.995618141721934,0.994288266236942,0.604,"Natural"
0.991285547614098,0.986333893132743,0.676,"Natural"
0.0269193649291992,0.159549358244529,0.438,"Drowsy"
0.976476820185781,0.979165434731001,0.48,"Natural"
0.999843573794351,0.999841437489606,0.528,"Natural"
0.0125513672828674,0.025284209464518,0.504,"Drowsy"
0.753609001636505,0.999930144296611,0.598,"Natural"
0.843242570757866,0.865494151935786,0.41,"Drowsy"
0.741339325904846,0.827683247063831,0.512,"Drowsy"
0.254813730716705,0.634894805549532,0.408,"Drowsy"
0.0639908909797668,0.559171678949211,0.394,"Drowsy"
0.0648512244224548,0.0522051839623174,0.474,"Drowsy"
0.944974519312382,0.995990128347058,0.586,"Natural"
0.997851268621162,0.995022427085879,0.64,"Natural"
0.00112944841384888,0.00400226361140965,0.522,"Drowsy"
0.988334082067013,0.996797643997084,0.634,"Natural"
0.98472688626498,0.998971619607305,0.634,"Natural"
0.988698550499976,0.999119163211509,0.622,"Natural"
0.231493353843689,0.158925442760575,0.444,"Drowsy"
0.526349186897278,0.0642176096117101,0.438,"Drowsy"
0.791241213679314,0.992301058439041,0.454,"Natural"
0.0277770161628723,0.401033138452756,0.426,"Drowsy"
0.981694277375937,0.999358872146034,0.576,"Natural"
0.0716087818145752,0.170499161238959,0.468,"Drowsy"
0.997783990809694,0.991612368701226,0.574,"Natural"
0.962610881775618,0.994616496845446,0.662,"Natural"
0.00699114799499512,0.0333350768710966,0.416,"Drowsy"
0.999823498888873,0.999874827185704,0.5,"Natural"
0.857417285442352,0.972143957492783,0.454,"Natural"
0.0177294611930847,0.154832321790433,0.458,"Drowsy"
0.982750620692968,0.999709743253865,0.56,"Natural"
0.891635037958622,0.0558057203102317,0.44,"Drowsy"
0.405874073505402,0.359441172623412,0.402,"Drowsy"
0.898477949202061,0.707365302880102,0.424,"Drowsy"
0.639435440301895,0.376395345527474,0.41,"Drowsy"
0.993673093151301,0.999504119946356,0.47,"Natural"
0.971988532692194,0.988371790985634,0.448,"Natural"
0.999655601830455,0.999885458754596,0.562,"Natural"
0.994170914404094,0.0691238928707312,0.44,"Drowsy"
0.295008182525635,0.158356847002175,0.388,"Drowsy"
0.999733520846348,0.999907531283079,0.486,"Natural"
0.95383545383811,0.925371895913353,0.388,"Drowsy"
0.996196707477793,0.971654735076701,0.626,"Natural"
0.509549766778946,0.510789131675238,0.408,"Drowsy"
0.059177041053772,0.303391734651169,0.386,"Drowsy"
0.342256426811218,0.187450467588458,0.506,"Drowsy"
0.0267003178596497,0.00959651195193845,0.446,"Drowsy"
0.997917952714488,0.997144803432093,0.55,"Natural"
0.990312090143561,0.994026082591008,0.666,"Natural"
0.958099387586117,0.993974735430481,0.572,"Natural"
0.236942410469055,0.950979312123344,0.458,"Drowsy"
